Buy,Food  Alcohol,BeerBottle,BeerBottle,100,10
Buy,Food  Alcohol,BeerCan,BeerCan,100,10
Buy,Food  Alcohol,Bourbon,WhiskeyFull,250,10
Buy,Food  Alcohol,RedWine,Wine2,100,10
Buy,Food  Alcohol,WhiteWine,Wine,100,10
Buy,Food  Animal,Bacon,Bacon,250,10
Buy,Food  Animal,BaconBits,BaconBits,100,10
Buy,Food  Animal,BaconRashers,BaconRashers,100,10
Buy,Food  Animal,Chicken,Chicken,250,10
Buy,Food  Animal,Egg,Egg,100,10
Buy,Food  Animal,EggCarton,EggCarton,250,10
Buy,Food  Animal,FrogMeat,FrogMeat,50,10
Buy,Food  Animal,MeatPatty,MeatPatty,100,10
Buy,Food  Animal,MuttonChop,MuttonChop,250,10
Buy,Food  Animal,PorkChop,PorkChop,250,10
Buy,Food  Animal,Steak,Steak,250,10
Buy,Food  Canned,CannedBeans,TinnedBeans,50,10
Buy,Food  Canned,CannedCarrots,CannedCarrots,50,10
Buy,Food  Canned,CannedChili,CannedChili,50,10
Buy,Food  Canned,CannedCorn,CannedCorn,50,10
Buy,Food  Canned,CannedCornedBeef,CannedCornedBeef,50,10
Buy,Food  Canned,CannedMushroomSoup,CannedMushroomSoup,50,10
Buy,Food  Canned,CannedPeas,CannedPeas,50,10
Buy,Food  Canned,CannedPotato,CannedPotato2,50,10
Buy,Food  Canned,CannedSardines,CannedSardines,50,10
Buy,Food  Canned,CannedSoup,TinnedSoup,50,10
Buy,Food  Canned,CannedSpaghettiBolognese,CannedBolognese,50,10
Buy,Food  Canned,CannedTomato,CannedTomato2,50,10
Buy,Food  Canned,CannedTuna,TunaTin,50,10
Buy,Food  Canned,DogFood,Dogfood,50,10
Buy,Food  Canned,JarofBellPeppers,CannedBellPepper,50,10
Buy,Food  Canned,JarofBroccoli,CannedBroccoli,50,10
Buy,Food  Canned,JarofCabBage,CannedCabBage,50,10
Buy,Food  Canned,JarofCarrots,JarredCarrots,50,10
Buy,Food  Canned,JarofEggplants,CannedEggplant,50,10
Buy,Food  Canned,JarofLeeks,CannedLeek,50,10
Buy,Food  Canned,JarofPotatoes,CannedPotato,50,10
Buy,Food  Canned,JarofRadishes,CannedRedRadish,50,10
Buy,Food  Canned,JarofTomatoes,CannedTomato,50,10
Buy,Food  Drink,ColdCuppa,ColdCuppa,50,10
Buy,Food  Drink,HotCuppa,Mugfulll,50,10
Buy,Food  Drink,JuiceBox,JuiceBox,50,10
Buy,Food  Drink,Milk,Milk,50,10
Buy,Food  Drink,OrangeSoda,PopBottle,50,10
Buy,Food  Drink,Pop,Pop2,50,10
Buy,Food  Drink,Pop,Pop,50,10
Buy,Food  Drink,Pop,Pop3,50,10
Buy,Food  Ingredients,Avocado,Avocado,50,10
Buy,Food  Ingredients,BellPepper,BellPepper,50,10
Buy,Food  Ingredients,Broccoli,Broccoli,50,10
Buy,Food  Ingredients,Butter,Butter,50,10
Buy,Food  Ingredients,CabBage,CabBage,50,10
Buy,Food  Ingredients,Carrots,Carrots,50,10
Buy,Food  Ingredients,Cheese,Cheese,50,10
Buy,Food  Ingredients,Corn,Corn,50,10
Buy,Food  Ingredients,Eggplant,Eggplant,50,10
Buy,Food  Ingredients,Flour,Flour,50,10
Buy,Food  Ingredients,Leek,Leek,50,10
Buy,Food  Ingredients,Lettuce,Lettuce,50,10
Buy,Food  Ingredients,Mushroom,MushroomGeneric1,50,10
Buy,Food  Ingredients,Mushroom,MushroomGeneric2,50,10
Buy,Food  Ingredients,Mushroom,MushroomGeneric3,50,10
Buy,Food  Ingredients,Mushroom,MushroomGeneric4,50,10
Buy,Food  Ingredients,Mushroom,MushroomGeneric5,50,10
Buy,Food  Ingredients,Mushroom,MushroomGeneric6,50,10
Buy,Food  Ingredients,Mushroom,MushroomGeneric7,50,10
Buy,Food  Ingredients,Onion,Onion,50,10
Buy,Food  Ingredients,Peas,Peas,50,10
Buy,Food  Ingredients,Pickles,Pickles,50,10
Buy,Food  Ingredients,Potato,Potato,50,10
Buy,Food  Ingredients,Radish,RedRadish,50,10
Buy,Food  Ingredients,Rice,Rice,50,10
Buy,Food  Ingredients,Tomato,Tomato,50,10
Buy,Food  Ingredients,Tortilla,Tortilla,50,10
Buy,Food  Ingredients,TortillaChips,TortillaChips,50,10
Buy,Food  Ingredients,Yeast,Yeast,50,10
Buy,Food  Ingredients,Yoghurt,Yoghurt,50,10
Buy,Food  Ingredients,Zucchini,Zucchini,50,10
Buy,Food  Plant,Tofu,Tofu,50,10
Buy,Food  Prepped,Bagel,Bagel,50,10
Buy,Food  Prepped,BeefJerky,BeefJerky,50,10
Buy,Food  Prepped,BlackForestCakeSlice,CakeBlackForest,50,10
Buy,Food  Prepped,Bread,Bread,50,10
Buy,Food  Prepped,BreadDough,BreadDough,50,10
Buy,Food  Prepped,BreadSlices,BreadSlices,50,10
Buy,Food  Prepped,Burger,BurgerRecipe,50,10
Buy,Food  Prepped,Burger,Burger,50,10
Buy,Food  Prepped,Burrito,BurritoRecipe,50,10
Buy,Food  Prepped,Cake,CakeRaw,50,10
Buy,Food  Prepped,CakeBatter,CakeBatter,50,10
Buy,Food  Prepped,CakePreparation,CakePrep,50,10
Buy,Food  Prepped,CakeSlice,CakeSlice,50,10
Buy,Food  Prepped,CandyCane,Candycane,50,10
Buy,Food  Prepped,CanofOats,OatsRaw,50,10
Buy,Food  Prepped,CarrotCakeSlice,CakeCarrot,50,10
Buy,Food  Prepped,Cereal,Cereal,50,10
Buy,Food  Prepped,CheeseCakeSlice,CakeCheesecake,50,10
Buy,Food  Prepped,CheeseSandwich,CheeseSandwich,50,10
Buy,Food  Prepped,Cherry,Cherry,50,10
Buy,Food  Prepped,Chips,Crisps,50,10
Buy,Food  Prepped,Chips,Crisps2,50,10
Buy,Food  Prepped,Chips,Crisps3,50,10
Buy,Food  Prepped,Chips,Crisps4,50,10
Buy,Food  Prepped,Chocolate,Chocolate,50,10
Buy,Food  Prepped,ChocolateCakeSlice,CakeChocolate,50,10
Buy,Food  Prepped,ChocolateCookie,CookiesChocolate,50,10
Buy,Food  Prepped,ChocolateDoughnut,DoughnutChocolate,50,10
Buy,Food  Prepped,Coffee,Coffee2,50,10
Buy,Food  Prepped,Cookie,CookieChocolateChip,50,10
Buy,Food  Prepped,Corndog,Corndog,50,10
Buy,Food  Prepped,Cupcake,Cupcake,50,10
Buy,Food  Prepped,Doughnut,DoughnutPlain,50,10
Buy,Food  Prepped,DryRamenNoodles,Ramen,50,10
Buy,Food  Prepped,FriedChicken,ChickenFried,50,10
Buy,Food  Prepped,Fries,Fries,50,10
Buy,Food  Prepped,FrostedDoughnut,DoughnutFrosted,50,10
Buy,Food  Prepped,Grapes,Grapes,50,10
Buy,Food  Prepped,Ham,Ham,50,10
Buy,Food  Prepped,Honey,Honey,50,10
Buy,Food  Prepped,Hotdog,Hotdog,50,10
Buy,Food  Prepped,IceCream,Icecream,50,10
Buy,Food  Prepped,InstantPopcorn,Popcorn,50,10
Buy,Food  Prepped,JellyDoughnut,DoughnutJelly,50,10
Buy,Food  Prepped,Lemon,Lemon,50,10
Buy,Food  Prepped,Lime,Lime,50,10
Buy,Food  Prepped,Lollipop,Lollipop,50,10
Buy,Food  Prepped,MacandCheese,Macandcheese,50,10
Buy,Food  Prepped,Maki,Maki,50,10
Buy,Food  Prepped,MeatDumpling,MeatDumpling,50,10
Buy,Food  Prepped,MeatSteamBun,MeatSteamBun,50,10
Buy,Food  Prepped,MintCandy,MintCandy,50,10
Buy,Food  Prepped,Modjeska,Modjeska,50,10
Buy,Food  Prepped,OatmealCookie,CookiesOatmeal,50,10
Buy,Food  Prepped,Orange,Orange,50,10
Buy,Food  Prepped,Pancakes,Pancakes,50,10
Buy,Food  Prepped,Pasta,Pasta,50,10
Buy,Food  Prepped,Peach,Peach,50,10
Buy,Food  Prepped,PeanutButter,PeanutButter,50,10
Buy,Food  Prepped,PeanutButterSandwich,PeanutButterSandwich,50,10
Buy,Food  Prepped,Peanuts,Peanuts,50,10
Buy,Food  Prepped,Pie,PieWholeRaw,50,10
Buy,Food  Prepped,PieDough,PieDough,50,10
Buy,Food  Prepped,PiePreparation,PiePrep,50,10
Buy,Food  Prepped,PieSlice,Pie,50,10
Buy,Food  Prepped,Pineapple,Pineapple,50,10
Buy,Food  Prepped,Pizza,Pizza,50,10
Buy,Food  Prepped,PoppyBagel,BagelPoppy,50,10
Buy,Food  Prepped,ProcessedCheese,Processedcheese,50,10
Buy,Food  Prepped,PumpkinPieSlice,PiePumpkin,50,10
Buy,Food  Prepped,RaspberryShortbread,CookieJelly,50,10
Buy,Food  Prepped,RedVelvetCakeSlice,CakeRedVelvet,50,10
Buy,Food  Prepped,Sandwich,Sandwich,50,10
Buy,Food  Prepped,SesameBagel,BagelSesame,50,10
Buy,Food  Prepped,ShortbreadCookie,CookiesShortbread,50,10
Buy,Food  Prepped,Strawberries,Strewberrie,50,10
Buy,Food  Prepped,StrawberryCakeSlice,CakeStrawberryShortcake,50,10
Buy,Food  Prepped,Sugar,Sugar,50,10
Buy,Food  Prepped,SunflowerSeeds,SunflowerSeeds,50,10
Buy,Food  Prepped,Taco,Taco,50,10
Buy,Food  Prepped,TeaBag,TeaBag,50,10
Buy,Food  Prepped,TVDinner,TVDinner,50,10
Buy,Food  Prepped,Vinegar,Vinegar,50,10
Buy,Food  Prepped,Waffles,Waffles,50,10
Buy,Food  Prepped,Watermelon,Watermelon,50,10
Buy,Food  Prepped,WatermelonChunks,WatermelonSmashed,50,10
Buy,Food  Prepped,WatermelonSlice,WatermelonSliced,50,10
Buy,Food  Sauces/Spices,HotSauce,Hotsauce,50,10
Buy,Food  Sauces/Spices,Ketchup,Ketchup,50,10
Buy,Food  Sauces/Spices,MapleSyrup,MapleSyrup,50,10
Buy,Food  Sauces/Spices,Marinara,Marinara,50,10
Buy,Food  Sauces/Spices,Mayonnaise,MayonnaiseFull,50,10
Buy,Food  Sauces/Spices,Mustard,Mustard,50,10
Buy,Food  Sauces/Spices,OliveOil,OilOlive,50,10
Buy,Food  Sauces/Spices,Pepper,Pepper,50,10
Buy,Food  Sauces/Spices,RiceVinegar,RiceVinegar,50,10
Buy,Food  Sauces/Spices,Salt,Salt,50,10
Buy,Food  Sauces/Spices,SoySauce,Soysauce,50,10
Buy,Food  Sauces/Spices,VegetableOil,OilVegetable,50,10
Buy,Food  Sauces/Spices,Wasabi,Wasabi,50,10